run,seed,job,hit_at_1,hit_at_5,mrr,spectra,candidates,teacher_map_at_r,teacher_hit_at_1,variant,group
v2_align-ft-a1-align-100k-050m-c7s600,,8861093,0.89895,0.93164,0.91456,25848.00000,9771.00000,0.83114,0.88738,"default: MSE, mean+max pool",default
v2_align-ft-a1-align-100k-050m-c7s600,,8861292,0.89817,0.93172,0.91405,25848.00000,9771.00000,0.83114,0.88738,"default: MSE, mean+max pool",default
v2_align-ft-a1-align-100k-050m-c7s600,,8861309,0.89752,0.93203,0.91367,25848.00000,9771.00000,0.83114,0.88738,"default: MSE, mean+max pool",default
sweep-cls,0,8863044,0.89396,0.92970,0.91048,25848.00000,9771.00000,0.83114,0.88738,CLS-token pooling,pooling
sweep-cls,1,8863044,0.89384,0.92874,0.91030,25848.00000,9771.00000,0.83114,0.88738,CLS-token pooling,pooling
sweep-cls,2,8863044,0.89256,0.92924,0.90975,25848.00000,9771.00000,0.83114,0.88738,CLS-token pooling,pooling
sweep-attn,0,8863044,0.89338,0.92939,0.91014,25848.00000,9771.00000,0.83114,0.88738,attention pooling,pooling
sweep-attn,1,8863044,0.89345,0.92947,0.91010,25848.00000,9771.00000,0.83114,0.88738,attention pooling,pooling
sweep-attn,2,8863044,0.89299,0.92881,0.90989,25848.00000,9771.00000,0.83114,0.88738,attention pooling,pooling
sweep-pool,0,8863044,0.89968,0.93187,0.91481,25848.00000,9771.00000,0.83114,0.88738,mean+max pooling (rerun),pooling
sweep-pool,1,8863044,0.89860,0.93141,0.91405,25848.00000,9771.00000,0.83114,0.88738,mean+max pooling (rerun),pooling
sweep-pool,2,8863044,0.89833,0.93117,0.91416,25848.00000,9771.00000,0.83114,0.88738,mean+max pooling (rerun),pooling
sweep-lit_hn0_mse0,0,8865869,0.89802,0.93044,0.91339,25848.00000,9771.00000,0.83114,0.88738,LiT,loss
sweep-lit_hn0_mse0,1,8865869,0.89771,0.93048,0.91324,25848.00000,9771.00000,0.83114,0.88738,LiT,loss
sweep-lit_hn0_mse0,2,8865869,0.89752,0.93059,0.91316,25848.00000,9771.00000,0.83114,0.88738,LiT,loss
sweep-lit_hn0_mse01,0,8865869,0.89585,0.92967,0.91204,25848.00000,9771.00000,0.83114,0.88738,LiT + 0.1 MSE,loss
sweep-lit_hn0_mse01,1,8865869,0.89531,0.92974,0.91150,25848.00000,9771.00000,0.83114,0.88738,LiT + 0.1 MSE,loss
sweep-lit_hn0_mse01,2,8865869,0.89558,0.93032,0.91179,25848.00000,9771.00000,0.83114,0.88738,LiT + 0.1 MSE,loss
sweep-lit_hn4_mse0,0,8865869,0.89686,0.93083,0.91282,25848.00000,9771.00000,0.83114,0.88738,LiT + 4 hard negatives,loss
sweep-lit_hn4_mse0,1,8865869,0.89500,0.93028,0.91151,25848.00000,9771.00000,0.83114,0.88738,LiT + 4 hard negatives,loss
sweep-lit_hn4_mse0,2,8865869,0.89709,0.93083,0.91296,25848.00000,9771.00000,0.83114,0.88738,LiT + 4 hard negatives,loss
sweep-lit_hn4_mse01,0,8865869,0.89450,0.92982,0.91105,25848.00000,9771.00000,0.83114,0.88738,LiT + 4 hard neg. + 0.1 MSE,loss
sweep-lit_hn4_mse01,1,8865869,0.89229,0.92916,0.90970,25848.00000,9771.00000,0.83114,0.88738,LiT + 4 hard neg. + 0.1 MSE,loss
sweep-lit_hn4_mse01,2,8865869,0.89427,0.93075,0.91116,25848.00000,9771.00000,0.83114,0.88738,LiT + 4 hard neg. + 0.1 MSE,loss
