benchmark,model,scale,pretrain_ckpt,finetune_stage,seed,map_at_r,hit_at_1,note
ms-contrastive-100k,fine-tuned 400M,400m,220k,final,0,0.86816,0.91339,C7 (replicate corpus -> ms-contrastive-100k)
ms-contrastive-100k,fine-tuned 50M,50m,220k,final,1,0.83867,0.89338,C7 (replicate corpus -> ms-contrastive-100k)
ms-contrastive-100k,replicate corpus only 400M,400m,220k,final,0,0.71126,0.80837,replicate corpus only (12 ep)
ms-contrastive-100k,replicate corpus only 400M,400m,220k,final,1,0.71381,0.80921,replicate corpus only (12 ep)
ms-contrastive-100k,replicate corpus only 400M,400m,220k,final,2,0.71395,0.81028,replicate corpus only (12 ep)
ms-contrastive-100k,replicate corpus only 50M,50m,220k,final,0,0.65684,0.76584,replicate corpus only (24 ep)
ms-contrastive-100k,replicate corpus only 50M,50m,220k,final,1,0.65448,0.76393,replicate corpus only (24 ep)
ms-contrastive-100k,replicate corpus only 50M,50m,220k,final,2,0.65640,0.76680,replicate corpus only (24 ep)
ms-contrastive-100k,frozen + ABTT (best encoder),200m,540k,,,0.43210,,"frozen encoder, layer block12, ABTT D=128 (fit: ms-contrastive-100k train); encoder/layer/D chosen on this benchmark"
yeast-20k,fine-tuned 400M,400m,220k,final,0,0.59562,0.77916,C7 (replicate corpus -> ms-contrastive-100k)
yeast-20k,fine-tuned 50M,50m,220k,final,1,0.52273,0.73420,C7 (replicate corpus -> ms-contrastive-100k)
yeast-20k,replicate corpus only 400M,400m,220k,final,0,0.52046,0.74085,replicate corpus only (12 ep)
yeast-20k,replicate corpus only 50M,50m,220k,final,1,0.49906,0.72496,replicate corpus only (24 ep)
yeast-20k,frozen + ABTT (best encoder),400m,220k,,,0.70887,,"frozen encoder, layer block14, ABTT D=128 (fit: 8 other species (train split)); encoder/layer/D chosen on this benchmark"
