arm,learning_rate,encoder_lr_scale,num_train_epochs,head_hidden_size,eff_batch,test_auroc,test_spectra_scored
lr2e4_es05_ep4_h512_b12,0.0002,0.5,4,512,12,0.93200,8584
lr2e4_es05_ep4_h128_b12,0.0002,0.5,4,128,12,0.93190,8584
lr2e4_es05_ep4_h256_b12,0.0002,0.5,4,256,12,0.93190,8584
lr2e4_es10_ep4_h256,0.0002,1.0,4,256,48,0.93170,8584
lr2e4_es10_ep4_h128,0.0002,1.0,4,128,48,0.93150,8584
lr2e4_es10_ep4_h512,0.0002,1.0,4,512,48,0.93140,8584
lr2e4_es10_ep4_h512_b12,0.0002,1.0,4,512,12,0.93020,8584
lr2e4_es10_ep4_h256_b12,0.0002,1.0,4,256,12,0.92970,8584
lr2e4_es05_ep4_h128,0.0002,0.5,4,128,48,0.92940,8584
lr2e4_es05_ep4_h512,0.0002,0.5,4,512,48,0.92900,8584
lr2e4_es05_ep4_h256,0.0002,0.5,4,256,48,0.92870,8584
lr2e4_es10_ep4_h128_b144,0.0002,1.0,4,128,144,0.92870,8584
lr2e4_es10_ep4_h512_b144,0.0002,1.0,4,512,144,0.92850,8584
lr2e4_es10_ep4_h256_b144,0.0002,1.0,4,256,144,0.92800,8584
lr2e4_es05_ep2_h512_b12,0.0002,0.5,2,512,12,0.92720,8584
lr2e4_es05_ep2_h128_b12,0.0002,0.5,2,128,12,0.92710,8584
lr2e4_es05_ep2_h256_b12,0.0002,0.5,2,256,12,0.92700,8584
lr2e4_es10_ep2_h512_b12,0.0002,1.0,2,512,12,0.92610,8584
lr2e4_es10_ep2_h128_b12,0.0002,1.0,2,128,12,0.92600,8584
lr2e4_es10_ep2_h128,0.0002,1.0,2,128,48,0.92600,8584
lr2e4_es10_ep2_h256,0.0002,1.0,2,256,48,0.92600,8584
lr2e4_es10_ep2_h256_b12,0.0002,1.0,2,256,12,0.92580,8584
lr2e4_es10_ep4_h128_b12,0.0002,1.0,4,128,12,0.92300,8584
lr2e4_es05_ep4_h512_b144,0.0002,0.5,4,512,144,0.92270,8584
lr2e4_es05_ep4_h128_b144,0.0002,0.5,4,128,144,0.92240,8584
lr2e4_es01_ep4_h512_b12,0.0002,0.1,4,512,12,0.92240,8584
lr2e4_es05_ep4_h256_b144,0.0002,0.5,4,256,144,0.92180,8584
lr2e4_es05_ep2_h128,0.0002,0.5,2,128,48,0.92180,8584
lr2e4_es05_ep2_h512,0.0002,0.5,2,512,48,0.92170,8584
lr2e4_es01_ep4_h128_b12,0.0002,0.1,4,128,12,0.92160,8584
lr2e4_es01_ep4_h256_b12,0.0002,0.1,4,256,12,0.92150,8584
lr2e4_es05_ep2_h256,0.0002,0.5,2,256,48,0.92090,8584
lr2e4_es10_ep2_h128_b144,0.0002,1.0,2,128,144,0.92010,8584
lr2e4_es10_ep2_h512_b144,0.0002,1.0,2,512,144,0.92010,8584
lr2e4_es10_ep2_h256_b144,0.0002,1.0,2,256,144,0.91920,8584
lr2e4_es01_ep2_h512_b12,0.0002,0.1,2,512,12,0.91180,8584
lr2e4_es01_ep2_h128_b12,0.0002,0.1,2,128,12,0.91080,8584
lr2e4_es01_ep2_h256_b12,0.0002,0.1,2,256,12,0.91060,8584
lr2e4_es05_ep2_h512_b144,0.0002,0.5,2,512,144,0.90980,8584
lr2e4_es10_ep2_h512,0.0002,1.0,2,512,48,0.90970,8584
lr2e4_es05_ep2_h128_b144,0.0002,0.5,2,128,144,0.90970,8584
lr2e4_es01_ep4_h512,0.0002,0.1,4,512,48,0.90970,8584
lr1e5_es10_ep4_h512_b12,1e-05,1.0,4,512,12,0.90900,8584
lr2e4_es05_ep2_h256_b144,0.0002,0.5,2,256,144,0.90870,8584
lr2e4_es01_ep4_h128,0.0002,0.1,4,128,48,0.90820,8584
lr2e4_es01_ep4_h256,0.0002,0.1,4,256,48,0.90800,8584
lr1e5_es10_ep4_h256_b12,1e-05,1.0,4,256,12,0.90770,8584
lr1e5_es10_ep4_h128_b12,1e-05,1.0,4,128,12,0.90770,8584
lr2e4_es01_ep2_h512,0.0002,0.1,2,512,48,0.89350,8584
lr1e5_es10_ep2_h512_b12,1e-05,1.0,2,512,12,0.89280,8584
lr1e5_es05_ep4_h512_b12,1e-05,0.5,4,512,12,0.89250,8584
lr1e5_es05_ep4_h256_b12,1e-05,0.5,4,256,12,0.89240,8584
lr1e5_es10_ep2_h256_b12,1e-05,1.0,2,256,12,0.89190,8584
lr2e4_es01_ep4_h512_b144,0.0002,0.1,4,512,144,0.89180,8584
lr2e4_es01_ep2_h128,0.0002,0.1,2,128,48,0.89180,8584
lr1e5_es10_ep2_h128_b12,1e-05,1.0,2,128,12,0.89150,8584
lr2e4_es01_ep2_h256,0.0002,0.1,2,256,48,0.89140,8584
lr1e5_es05_ep4_h128_b12,1e-05,0.5,4,128,12,0.89130,8584
lr2e4_es01_ep4_h128_b144,0.0002,0.1,4,128,144,0.89040,8584
lr2e4_es01_ep4_h256_b144,0.0002,0.1,4,256,144,0.89020,8584
lr1e5_es10_ep4_h512,1e-05,1.0,4,512,48,0.88830,8584
lr1e5_es10_ep4_h256,1e-05,1.0,4,256,48,0.88720,8584
lr1e5_es10_ep4_h128,1e-05,1.0,4,128,48,0.88670,8584
lr1e5_es05_ep2_h256_b12,1e-05,0.5,2,256,12,0.87480,8584
lr1e5_es05_ep2_h128_b12,1e-05,0.5,2,128,12,0.87360,8584
lr1e5_es05_ep2_h512_b12,1e-05,0.5,2,512,12,0.87340,8584
lr2e4_es01_ep2_h512_b144,0.0002,0.1,2,512,144,0.87130,8584
lr2e4_es01_ep2_h128_b144,0.0002,0.1,2,128,144,0.87120,8584
lr2e4_es01_ep2_h256_b144,0.0002,0.1,2,256,144,0.87110,8584
lr1e5_es05_ep4_h256,1e-05,0.5,4,256,48,0.87010,8584
lr1e5_es05_ep4_h128,1e-05,0.5,4,128,48,0.86850,8584
lr1e5_es05_ep4_h512,1e-05,0.5,4,512,48,0.86850,8584
lr1e5_es10_ep2_h256,1e-05,1.0,2,256,48,0.86830,8584
lr1e5_es10_ep2_h512,1e-05,1.0,2,512,48,0.86770,8584
lr1e5_es10_ep2_h128,1e-05,1.0,2,128,48,0.86700,8584
lr1e5_es10_ep4_h256_b144,1e-05,1.0,4,256,144,0.86600,8584
lr1e5_es10_ep4_h512_b144,1e-05,1.0,4,512,144,0.86490,8584
lr1e5_es10_ep4_h128_b144,1e-05,1.0,4,128,144,0.86370,8584
lr1e5_es01_ep4_h256_b12,1e-05,0.1,4,256,12,0.85250,8584
lr1e5_es01_ep4_h512_b12,1e-05,0.1,4,512,12,0.85140,8584
lr1e5_es01_ep4_h128_b12,1e-05,0.1,4,128,12,0.85120,8584
lr1e5_es05_ep2_h256,1e-05,0.5,2,256,48,0.85070,8584
lr1e5_es05_ep2_h128,1e-05,0.5,2,128,48,0.84920,8584
lr1e5_es05_ep4_h256_b144,1e-05,0.5,4,256,144,0.84800,8584
lr1e5_es05_ep2_h512,1e-05,0.5,2,512,48,0.84770,8584
lr1e5_es05_ep4_h128_b144,1e-05,0.5,4,128,144,0.84640,8584
lr1e5_es05_ep4_h512_b144,1e-05,0.5,4,512,144,0.84610,8584
lr1e6_es10_ep4_h256_b12,1e-06,1.0,4,256,12,0.84570,8584
lr1e5_es10_ep2_h256_b144,1e-05,1.0,2,256,144,0.84540,8584
lr1e5_es10_ep2_h128_b144,1e-05,1.0,2,128,144,0.84430,8584
lr1e6_es10_ep4_h128_b12,1e-06,1.0,4,128,12,0.84430,8584
lr1e5_es10_ep2_h512_b144,1e-05,1.0,2,512,144,0.84380,8584
lr1e6_es10_ep4_h512_b12,1e-06,1.0,4,512,12,0.84300,8584
lr1e5_es01_ep2_h256_b12,1e-05,0.1,2,256,12,0.83710,8584
lr1e5_es01_ep2_h128_b12,1e-05,0.1,2,128,12,0.83530,8584
lr1e5_es01_ep2_h512_b12,1e-05,0.1,2,512,12,0.83360,8584
lr1e6_es05_ep4_h256_b12,1e-06,0.5,4,256,12,0.83260,8584
lr1e6_es05_ep4_h128_b12,1e-06,0.5,4,128,12,0.83160,8584
lr1e5_es01_ep4_h256,1e-05,0.1,4,256,48,0.83160,8584
lr1e5_es01_ep4_h128,1e-05,0.1,4,128,48,0.83140,8584
lr1e5_es05_ep2_h256_b144,1e-05,0.5,2,256,144,0.83120,8584
lr1e5_es05_ep2_h128_b144,1e-05,0.5,2,128,144,0.83080,8584
lr1e6_es10_ep2_h128_b12,1e-06,1.0,2,128,12,0.83000,8584
lr1e6_es10_ep2_h256_b12,1e-06,1.0,2,256,12,0.82990,8584
lr1e5_es01_ep4_h512,1e-05,0.1,4,512,48,0.82920,8584
lr1e5_es05_ep2_h512_b144,1e-05,0.5,2,512,144,0.82870,8584
lr1e6_es05_ep4_h512_b12,1e-06,0.5,4,512,12,0.82820,8584
lr1e6_es10_ep2_h512_b12,1e-06,1.0,2,512,12,0.82690,8584
lr1e6_es10_ep4_h128,1e-06,1.0,4,128,48,0.82500,8584
lr1e6_es10_ep4_h512,1e-06,1.0,4,512,48,0.82420,8584
lr1e6_es10_ep4_h256,1e-06,1.0,4,256,48,0.82400,8584
lr1e6_es05_ep2_h256_b12,1e-06,0.5,2,256,12,0.81900,8584
lr1e5_es01_ep2_h128,1e-05,0.1,2,128,48,0.81810,8584
lr1e6_es05_ep2_h128_b12,1e-06,0.5,2,128,12,0.81800,8584
lr1e5_es01_ep2_h256,1e-05,0.1,2,256,48,0.81780,8584
lr1e5_es01_ep4_h128_b144,1e-05,0.1,4,128,144,0.81700,8584
lr1e5_es01_ep4_h256_b144,1e-05,0.1,4,256,144,0.81630,8584
lr1e5_es01_ep2_h512,1e-05,0.1,2,512,48,0.81520,8584
lr1e5_es01_ep4_h512_b144,1e-05,0.1,4,512,144,0.81430,8584
lr1e6_es05_ep4_h256,1e-06,0.5,4,256,48,0.81320,8584
lr1e6_es05_ep4_h128,1e-06,0.5,4,128,48,0.81180,8584
lr1e6_es05_ep4_h512,1e-06,0.5,4,512,48,0.81140,8584
lr1e6_es10_ep2_h512,1e-06,1.0,2,512,48,0.80990,8584
lr1e6_es10_ep2_h256,1e-06,1.0,2,256,48,0.80870,8584
lr1e6_es10_ep4_h512_b144,1e-06,1.0,4,512,144,0.80800,8584
lr1e6_es01_ep4_h128_b12,1e-06,0.1,4,128,12,0.80610,8584
lr1e6_es10_ep4_h256_b144,1e-06,1.0,4,256,144,0.80570,8584
lr1e6_es10_ep2_h128,1e-06,1.0,2,128,48,0.80560,8584
lr1e5_es01_ep2_h256_b144,1e-05,0.1,2,256,144,0.80240,8584
lr1e6_es01_ep4_h512_b12,1e-06,0.1,4,512,12,0.80200,8584
lr1e5_es01_ep2_h128_b144,1e-05,0.1,2,128,144,0.80160,8584
lr1e5_es01_ep2_h512_b144,1e-05,0.1,2,512,144,0.80140,8584
lr1e6_es10_ep4_h128_b144,1e-06,1.0,4,128,144,0.80040,8584
lr1e6_es05_ep2_h512_b12,1e-06,0.5,2,512,12,0.80020,8584
lr1e6_es01_ep4_h256_b12,1e-06,0.1,4,256,12,0.79950,8584
lr1e6_es05_ep2_h512,1e-06,0.5,2,512,48,0.79830,8584
lr2e4_es0_ep4_h512_b12,0.0002,0.0,4,512,12,0.79760,8584
lr1e6_es05_ep2_h256,1e-06,0.5,2,256,48,0.79670,8584
lr2e4_es0_ep4_h256_b12,0.0002,0.0,4,256,12,0.79640,8584
lr2e4_es0_ep2_h128_b12,0.0002,0.0,2,128,12,0.79640,8584
lr2e4_es0_ep4_h128_b12,0.0002,0.0,4,128,12,0.79550,8584
lr1e6_es05_ep4_h512_b144,1e-06,0.5,4,512,144,0.79500,8584
lr2e4_es0_ep2_h512_b12,0.0002,0.0,2,512,12,0.79390,8584
lr2e4_es0_ep4_h512,0.0002,0.0,4,512,48,0.79260,8584
lr2e4_es0_ep2_h256_b12,0.0002,0.0,2,256,12,0.79230,8584
lr1e6_es10_ep2_h512_b144,1e-06,1.0,2,512,144,0.79130,8584
lr2e4_es0_ep4_h256,0.0002,0.0,4,256,48,0.79040,8584
lr1e6_es05_ep4_h256_b144,1e-06,0.5,4,256,144,0.79010,8584
lr1e6_es01_ep2_h512_b12,1e-06,0.1,2,512,12,0.78980,8584
lr1e6_es05_ep2_h128,1e-06,0.5,2,128,48,0.78940,8584
lr1e6_es01_ep2_h128_b12,1e-06,0.1,2,128,12,0.78850,8584
lr1e5_es0_ep4_h512_b12,1e-05,0.0,4,512,12,0.78820,8584
lr1e6_es01_ep2_h256_b12,1e-06,0.1,2,256,12,0.78820,8584
lr2e4_es0_ep4_h128,0.0002,0.0,4,128,48,0.78770,8584
lr2e4_es0_ep2_h512,0.0002,0.0,2,512,48,0.78710,8584
lr2e4_es0_ep4_h512_b144,0.0002,0.0,4,512,144,0.78640,8584
lr2e4_es0_ep2_h256,0.0002,0.0,2,256,48,0.78510,8584
lr2e4_es0_ep4_h256_b144,0.0002,0.0,4,256,144,0.78470,8584
lr2e4_es0_ep2_h128,0.0002,0.0,2,128,48,0.78310,8584
lr2e4_es0_ep2_h512_b144,0.0002,0.0,2,512,144,0.78260,8584
lr2e4_es0_ep4_h128_b144,0.0002,0.0,4,128,144,0.78250,8584
lr1e6_es01_ep4_h512,1e-06,0.1,4,512,48,0.78100,8584
lr1e6_es05_ep4_h128_b144,1e-06,0.5,4,128,144,0.78090,8584
lr1e6_es10_ep2_h256_b144,1e-06,1.0,2,256,144,0.78070,8584
lr2e4_es0_ep2_h256_b144,0.0002,0.0,2,256,144,0.78070,8584
lr2e4_es0_ep2_h128_b144,0.0002,0.0,2,128,144,0.77770,8584
lr1e5_es0_ep4_h256_b12,1e-05,0.0,4,256,12,0.77710,8584
lr1e6_es01_ep4_h256,1e-06,0.1,4,256,48,0.77530,8584
lr1e5_es0_ep2_h512_b12,1e-05,0.0,2,512,12,0.77520,8584
lr1e6_es10_ep2_h128_b144,1e-06,1.0,2,128,144,0.77440,8584
lr1e5_es0_ep4_h128_b12,1e-05,0.0,4,128,12,0.77410,8584
lr1e5_es0_ep4_h512,1e-05,0.0,4,512,48,0.77370,8584
lr1e5_es0_ep2_h256_b12,1e-05,0.0,2,256,12,0.77220,8584
lr1e6_es01_ep4_h128,1e-06,0.1,4,128,48,0.77060,8584
lr1e5_es0_ep4_h256,1e-05,0.0,4,256,48,0.77010,8584
lr1e5_es0_ep2_h128_b12,1e-05,0.0,2,128,12,0.76880,8584
lr1e5_es0_ep2_h512,1e-05,0.0,2,512,48,0.76720,8584
lr1e5_es0_ep4_h512_b144,1e-05,0.0,4,512,144,0.76640,8584
lr1e5_es0_ep4_h128,1e-05,0.0,4,128,48,0.76580,8584
lr1e5_es0_ep2_h256,1e-05,0.0,2,256,48,0.76350,8584
lr1e6_es0_ep4_h512_b12,1e-06,0.0,4,512,12,0.76280,8584
lr1e5_es0_ep4_h256_b144,1e-05,0.0,4,256,144,0.76220,8584
lr1e6_es0_ep4_h256_b12,1e-06,0.0,4,256,12,0.75900,8584
lr1e5_es0_ep2_h128,1e-05,0.0,2,128,48,0.75790,8584
lr1e5_es0_ep2_h512_b144,1e-05,0.0,2,512,144,0.75750,8584
lr1e6_es05_ep2_h512_b144,1e-06,0.5,2,512,144,0.75670,8584
lr1e6_es0_ep2_h512_b12,1e-06,0.0,2,512,12,0.75470,8584
lr1e5_es0_ep4_h128_b144,1e-05,0.0,4,128,144,0.75320,8584
lr1e6_es01_ep2_h512,1e-06,0.1,2,512,48,0.75320,8584
lr1e6_es05_ep2_h128_b144,1e-06,0.5,2,128,144,0.75010,8584
lr1e6_es0_ep4_h128_b12,1e-06,0.0,4,128,12,0.75010,8584
lr1e6_es05_ep2_h256_b144,1e-06,0.5,2,256,144,0.74740,8584
lr1e5_es0_ep2_h256_b144,1e-05,0.0,2,256,144,0.74730,8584
lr1e6_es0_ep2_h256_b12,1e-06,0.0,2,256,12,0.74600,8584
lr1e6_es01_ep4_h512_b144,1e-06,0.1,4,512,144,0.74490,8584
lr1e6_es0_ep4_h512,1e-06,0.0,4,512,48,0.74460,8584
lr1e6_es01_ep2_h128,1e-06,0.1,2,128,48,0.74350,8584
lr1e6_es01_ep2_h256,1e-06,0.1,2,256,48,0.74100,8584
lr1e6_es01_ep2_h512_b144,1e-06,0.1,2,512,144,0.73840,8584
lr1e6_es0_ep2_h128_b12,1e-06,0.0,2,128,12,0.73630,8584
lr1e6_es0_ep2_h512,1e-06,0.0,2,512,48,0.73570,8584
lr1e6_es0_ep4_h256,1e-06,0.0,4,256,48,0.73530,8584
lr1e5_es0_ep2_h128_b144,1e-05,0.0,2,128,144,0.73380,8584
lr1e6_es0_ep4_h512_b144,1e-06,0.0,4,512,144,0.73200,8584
lr1e6_es01_ep4_h128_b144,1e-06,0.1,4,128,144,0.73180,8584
lr1e6_es0_ep2_h256,1e-06,0.0,2,256,48,0.72720,8584
lr1e6_es01_ep4_h256_b144,1e-06,0.1,4,256,144,0.72650,8584
lr1e6_es0_ep4_h128,1e-06,0.0,4,128,48,0.72490,8584
lr1e6_es0_ep2_h512_b144,1e-06,0.0,2,512,144,0.72460,8584
lr1e6_es0_ep4_h256_b144,1e-06,0.0,4,256,144,0.72260,8584
lr1e6_es0_ep2_h128,1e-06,0.0,2,128,48,0.71210,8584
lr1e6_es0_ep2_h256_b144,1e-06,0.0,2,256,144,0.70770,8584
lr1e6_es01_ep2_h256_b144,1e-06,0.1,2,256,144,0.70640,8584
lr1e6_es0_ep4_h128_b144,1e-06,0.0,4,128,144,0.70260,8584
lr1e6_es01_ep2_h128_b144,1e-06,0.1,2,128,144,0.70120,8584
lr1e6_es0_ep2_h128_b144,1e-06,0.0,2,128,144,0.67050,8584
