scale,parameters,pretraining_steps,n_seeds,mean_test_loss,se_test_loss,per_seed_test_loss
50m,49814027,10000,3,0.37414,0.00874,0.39161 0.36494 0.36586
50m,49814027,120000,3,0.33289,0.00046,0.33297 0.33364 0.33204
50m,49814027,133233,13,0.33225,0.00034,0.33215 0.33453 0.33176 0.33162 0.33124 0.33147 0.33205 0.33226 0.33110 0.33162 0.33441 0.33399 0.33103
50m,49814027,220000,3,0.32647,0.00071,0.32777 0.32533 0.32631
50m,49814027,330000,3,0.32268,0.00041,0.32344 0.32203 0.32257
50m,49814027,430000,3,0.32225,0.00066,0.32341 0.32114 0.32221
50m,49814027,540423,5,0.32214,0.00035,0.32138 0.32223 0.32144 0.32329 0.32235
100m,100785547,10000,3,0.35661,0.00041,0.35650 0.35596 0.35737
100m,100785547,120000,3,0.31550,0.00111,0.31633 0.31688 0.31330
100m,100785547,138073,12,0.31581,0.00106,0.31152 0.31894 0.31373 0.32003 0.31664 0.31588 0.31528 0.31348 0.32191 0.31934 0.31303 0.30995
100m,100785547,220000,3,0.30819,0.00082,0.30706 0.30978 0.30773
100m,100785547,330000,3,0.30600,0.00124,0.30352 0.30725 0.30724
100m,100785547,430000,3,0.30482,0.00116,0.30592 0.30604 0.30250
100m,100785547,540423,3,0.30540,0.00101,0.30507 0.30385 0.30729
200m,202858769,10000,3,0.35025,0.00028,0.35054 0.34968 0.35052
200m,202858769,120000,3,0.30728,0.00067,0.30798 0.30594 0.30793
200m,202858769,192799,12,0.30543,0.00135,0.31127 0.31588 0.30697 0.30438 0.30194 0.30350 0.30090 0.30891 0.30158 0.30631 0.30272 0.30075
200m,202858769,220000,3,0.30274,0.00056,0.30248 0.30381 0.30192
200m,202858769,330000,3,0.30071,0.00082,0.30233 0.30013 0.29968
200m,202858769,430000,3,0.30078,0.00066,0.30052 0.30203 0.29980
200m,202858769,540423,3,0.30001,0.00077,0.30070 0.29846 0.30086
400m,395525397,10000,3,0.35021,0.00008,0.35028 0.35006 0.35029
400m,395525397,120000,3,0.30949,0.00054,0.30888 0.31056 0.30904
400m,395525397,181381,13,0.30568,0.00067,0.30316 0.30683 0.30726 0.30449 0.31117 0.30211 0.30423 0.30825 0.30576 0.30498 0.30667 0.30549 0.30342
400m,395525397,220000,3,0.30439,0.00104,0.30327 0.30647 0.30344
400m,395525397,255058,3,0.30440,0.00077,0.30474 0.30553 0.30294
400m,395525397,330000,3,0.30298,0.00019,0.30316 0.30317 0.30261
400m,395525397,430000,3,0.30283,0.00077,0.30197 0.30216 0.30436
400m,395525397,540423,3,0.30142,0.00042,0.30067 0.30214 0.30144
