benchmark,encoder,raw_final,raw_best_layer,abtt_best,abtt_D,abtt_layer,abtt_fit
ms-contrastive-100k,50m@10k,0.07230,0.08620,0.18150,64,final,ms-contrastive-100k train
ms-contrastive-100k,50m@120k,0.09330,0.15700,0.32890,64,block08,ms-contrastive-100k train
ms-contrastive-100k,50m@220k,0.11230,0.20800,0.40060,64,block08,ms-contrastive-100k train
ms-contrastive-100k,50m@330k,0.10270,0.18530,0.36360,64,block08,ms-contrastive-100k train
ms-contrastive-100k,50m@430k,0.10120,0.18040,0.36420,64,block08,ms-contrastive-100k train
ms-contrastive-100k,50m@540k,0.10190,0.17710,0.36080,64,block08,ms-contrastive-100k train
ms-contrastive-100k,100m@10k,0.12040,0.15040,0.29360,64,block10,ms-contrastive-100k train
ms-contrastive-100k,100m@120k,0.10780,0.18170,0.39930,64,block10,ms-contrastive-100k train
ms-contrastive-100k,100m@220k,0.09320,0.13950,0.32840,64,block10,ms-contrastive-100k train
ms-contrastive-100k,100m@330k,0.08190,0.11220,0.27300,64,block10,ms-contrastive-100k train
ms-contrastive-100k,100m@430k,0.08450,0.12230,0.30720,64,block10,ms-contrastive-100k train
ms-contrastive-100k,100m@540k,0.08710,0.12520,0.30640,64,block10,ms-contrastive-100k train
ms-contrastive-100k,200m@10k,0.08980,0.12230,0.27350,128,block13,ms-contrastive-100k train
ms-contrastive-100k,200m@120k,0.08400,0.18730,0.43510,64,block13,ms-contrastive-100k train
ms-contrastive-100k,200m@220k,0.07740,0.15070,0.36640,128,block13,ms-contrastive-100k train
ms-contrastive-100k,200m@330k,0.05920,0.12400,0.30770,128,block12,ms-contrastive-100k train
ms-contrastive-100k,200m@430k,0.08260,0.18710,0.42990,128,block12,ms-contrastive-100k train
ms-contrastive-100k,200m@540k,0.08020,0.19060,0.43210,128,block12,ms-contrastive-100k train
ms-contrastive-100k,400m@10k,0.16790,0.21610,0.41390,128,block16,ms-contrastive-100k train
ms-contrastive-100k,400m@120k,0.15460,0.36860,0.61180,64,block15,ms-contrastive-100k train
ms-contrastive-100k,400m@220k,0.16450,0.43230,0.65310,128,block16,ms-contrastive-100k train
ms-contrastive-100k,400m@330k,0.16650,0.42900,0.65990,128,block16,ms-contrastive-100k train
ms-contrastive-100k,400m@430k,0.12460,0.29330,0.53530,128,block15,ms-contrastive-100k train
ms-contrastive-100k,400m@540k,0.14500,0.36640,0.61560,128,block15,ms-contrastive-100k train
mouse-20k,400m@220k,0.38018,0.53810,0.68770,128,block15,ms-contrastive-100k train
mouse-20k,400m@330k,0.38997,0.55460,0.70275,128,block14,ms-contrastive-100k train
yeast-20k,50m@220k,0.31600,0.38473,0.60197,128,block07,8 other species (train split)
yeast-20k,100m@220k,0.15252,0.17813,0.42061,128,block10,8 other species (train split)
yeast-20k,200m@220k,0.22368,0.32830,0.60879,128,block12,8 other species (train split)
yeast-20k,200m@540k,0.22097,0.33893,0.65396,128,block12,8 other species (train split)
yeast-20k,400m@220k,0.35471,0.51013,0.70887,128,block14,8 other species (train split)
yeast-20k,400m@430k,0.28576,0.38066,0.63370,128,block09,8 other species (train split)
