step,25M,50M,100M,200M,400M,best
500,0.92333,0.92332,0.92333,0.92315,0.92315,200M
1000,0.46223,0.48262,0.46951,0.66357,0.59500,25M
2000,0.26991,0.28998,0.25354,0.24067,0.25469,200M
5000,0.16560,0.15413,0.14555,0.13128,0.13246,200M
10000,0.13207,0.12216,0.11479,0.10510,0.10318,400M
20000,0.11202,0.10261,0.09519,0.08612,0.08387,400M
50000,0.09324,0.08398,0.07766,0.06960,0.06782,400M
100000,0.08252,0.07466,0.06911,0.06265,0.06087,400M
200000,0.07517,0.06730,0.06298,0.05841,0.05630,400M
500000,0.06886,0.06152,0.05833,0.05500,0.05437,400M
540423,0.06880,0.06147,0.05831,0.05489,0.05425,400M
