flops,25M,50M,100M,200M,400M,best
1.000e+17,0.24057,0.40340,0.73599,,,25M
1.570e+17,0.18914,0.28959,0.47392,,,25M
2.465e+17,0.15504,0.21215,0.31709,0.75033,,25M
3.870e+17,0.13381,0.15541,0.22468,0.50021,0.80374,25M
6.077e+17,0.11978,0.13303,0.17096,0.25851,0.60390,25M
9.541e+17,0.10829,0.11625,0.13659,0.18444,0.35248,25M
1.498e+18,0.09894,0.10378,0.11703,0.13685,0.22309,25M
2.352e+18,0.09073,0.09389,0.10318,0.11590,0.16169,25M
3.693e+18,0.08380,0.08507,0.09202,0.10077,0.12452,25M
5.798e+18,0.07858,0.07858,0.08324,0.08853,0.10583,50M
9.104e+18,0.07430,0.07300,0.07587,0.07929,0.09208,50M
1.429e+19,0.07116,0.06823,0.07033,0.07140,0.08121,50M
2.244e+19,,0.06497,0.06597,0.06609,0.07315,50M
3.524e+19,,0.06217,0.06242,0.06203,0.06652,200M
5.532e+19,,,0.06011,0.05926,0.06200,200M
8.686e+19,,,,0.05724,0.05863,200M
1.364e+20,,,,0.05557,0.05610,200M
2.141e+20,,,,,0.05515,400M
3.362e+20,,,,,0.05425,400M
