lower_index,upper_index,lower_mz,upper_mz,delta_mass,score,bias_head,head_bias,annotation_type,annotation_label,reference_mass,mass_error
2,74,102.055290,288.134338,186.079048,3.933931351,1,3.933931351,b_ion,b1→b2 W,186.079313,-0.000265
19,58,147.112961,218.149658,71.036697,4.412815571,1,4.412815571,y_ion,y1→y2 A,71.037114,-0.000416
19,82,147.112961,333.176636,186.063675,3.51265049,10,3.51265049,y_ion,y1→y3 DA (skip),186.064057,-0.000382
58,82,218.149658,333.176636,115.026978,3.520366669,10,3.520366669,y_ion,y2→y3 D,115.026943,0.000035
58,98,218.149658,432.245270,214.095612,3.509713888,10,3.509713888,y_ion,y2→y4 VD (skip),214.095357,0.000255
74,90,288.134338,389.182556,101.048218,3.77884984,1,3.77884984,b_ion,b2→b3 T,101.047678,0.000539
82,98,333.176636,432.245270,99.068634,4.585290432,1,4.585290432,y_ion,y3→y4 V,99.068414,0.000220
82,105,333.176636,531.314087,198.137451,3.762074471,10,3.762074471,y_ion,y3→y5 VV (skip),198.136828,0.000623
98,105,432.245270,531.314087,99.068817,4.580387115,1,4.580387115,y_ion,y4→y5 V,99.068414,0.000403
98,110,432.245270,632.361572,200.116302,3.879979372,10,3.879979372,y_ion,y4→y6 TV (skip),200.116092,0.000210
105,110,531.314087,632.361572,101.047485,3.745469093,1,3.745469093,y_ion,y5→y6 T,101.047678,-0.000193
110,116,632.361572,818.442749,186.081177,4.225257874,10,4.225257874,y_ion,y6→y7 W,186.079313,0.001864
