scale,pretraining_steps,n_seeds,mean_auroc,sd_auroc,min_auroc,max_auroc,per_seed_auroc
50m,0,1,0.88215,,0.88215,0.88215,0.88215
50m,10000,3,0.91042,0.00790,0.90130,0.91518,0.90130 0.91518 0.91478
50m,120000,3,0.93123,0.00031,0.93089,0.93146,0.93135 0.93089 0.93146
50m,220000,3,0.93435,0.00056,0.93374,0.93483,0.93374 0.93483 0.93449
50m,330000,3,0.93594,0.00048,0.93554,0.93647,0.93554 0.93647 0.93580
50m,430000,3,0.93615,0.00026,0.93587,0.93636,0.93587 0.93636 0.93622
50m,540423,5,0.93628,0.00044,0.93570,0.93685,0.93685 0.93618 0.93656 0.93570 0.93611
100m,0,3,0.88863,0.00284,0.88539,0.89065,0.89065 0.88986 0.88539
100m,10000,3,0.91934,0.00029,0.91911,0.91967,0.91926 0.91967 0.91911
100m,120000,3,0.93943,0.00012,0.93930,0.93953,0.93930 0.93946 0.93953
100m,220000,3,0.94174,0.00049,0.94130,0.94227,0.94227 0.94130 0.94165
100m,330000,3,0.94261,0.00034,0.94230,0.94297,0.94297 0.94230 0.94256
100m,430000,3,0.94300,0.00046,0.94255,0.94346,0.94299 0.94255 0.94346
100m,540423,3,0.94293,0.00028,0.94261,0.94309,0.94309 0.94308 0.94261
200m,0,3,0.89626,0.00042,0.89593,0.89673,0.89610 0.89673 0.89593
200m,10000,3,0.92250,0.00015,0.92240,0.92267,0.92240 0.92267 0.92242
200m,120000,3,0.94266,0.00009,0.94258,0.94276,0.94263 0.94276 0.94258
200m,220000,3,0.94465,0.00009,0.94455,0.94473,0.94455 0.94468 0.94473
200m,330000,3,0.94578,0.00021,0.94564,0.94602,0.94564 0.94569 0.94602
200m,430000,3,0.94586,0.00011,0.94577,0.94598,0.94598 0.94584 0.94577
200m,540423,3,0.94576,0.00011,0.94567,0.94588,0.94573 0.94588 0.94567
400m,0,3,0.89810,0.00213,0.89564,0.89939,0.89927 0.89564 0.89939
400m,10000,3,0.92262,0.00003,0.92260,0.92265,0.92260 0.92265 0.92260
400m,120000,3,0.94144,0.00007,0.94136,0.94148,0.94148 0.94136 0.94148
400m,220000,3,0.94352,0.00029,0.94321,0.94378,0.94378 0.94321 0.94357
400m,330000,3,0.94440,0.00033,0.94403,0.94467,0.94403 0.94467 0.94449
400m,430000,3,0.94451,0.00028,0.94429,0.94482,0.94429 0.94482 0.94442
400m,540423,3,0.94489,0.00035,0.94465,0.94530,0.94530 0.94465 0.94473
