init,scale,seed,job,map_at_100,hit_at_1
pretrained,50m,0,8853557,0.42436,0.76007
pretrained,50m,1,8853557,0.34824,0.73779
pretrained,50m,2,8853557,0.39452,0.75407
pretrained,50m,3,8853557,0.32629,0.71208
pretrained,50m,4,8853557,0.37392,0.73093
pretrained,50m,5,8853557,0.43807,0.79092
pretrained,100m,0,8853557,0.35557,0.75064
pretrained,100m,1,8853557,0.39167,0.76264
pretrained,100m,2,8853557,0.40691,0.78063
pretrained,100m,3,8853557,0.41556,0.78149
pretrained,100m,4,8853557,0.52923,0.84233
pretrained,100m,5,8853557,0.37509,0.74550
pretrained,200m,0,8853557,0.33232,0.77292
pretrained,200m,1,8854412,0.32886,0.78749
pretrained,200m,2,8853557,0.34626,0.77207
pretrained,200m,3,8853557,0.35890,0.73608
pretrained,200m,4,8853557,0.37752,0.76778
pretrained,200m,5,8854412,0.30348,0.76264
pretrained,400m,0,8854412,0.34483,0.74807
pretrained,400m,1,8854412,0.35274,0.79434
pretrained,400m,2,8854412,0.35118,0.80377
pretrained,400m,3,8853557,0.31610,0.75664
pretrained,400m,4,8853557,0.37919,0.79692
pretrained,400m,5,8854412,0.29786,0.75236
random init,50m,0,8853558,0.00988,0.03428
random init,50m,1,8853558,0.00971,0.02485
random init,50m,2,8853558,0.01003,0.02742
random init,50m,3,8853558,0.00972,0.02057
random init,50m,4,8853558,0.01056,0.03513
random init,50m,5,8853558,0.00995,0.02999
random init,100m,0,8853558,0.01119,0.03856
random init,100m,1,8853558,0.01006,0.02828
random init,100m,2,8853558,0.01019,0.02913
random init,100m,3,8853558,0.00971,0.02314
random init,100m,4,8853558,0.00970,0.02228
random init,100m,5,8853558,0.00957,0.02142
random init,200m,0,8854760,0.01246,0.04370
random init,200m,1,8853558,0.01627,0.04542
random init,200m,2,8853558,0.01003,0.02828
random init,200m,3,8853558,0.00974,0.02742
random init,200m,4,8854760,0.01138,0.03942
random init,200m,5,8853558,0.00959,0.03428
random init,400m,0,8854760,0.01215,0.04627
random init,400m,1,8854760,0.01034,0.03599
random init,400m,2,8854760,0.01129,0.03428
random init,400m,3,8853558,0.00953,0.02399
random init,400m,4,8854760,0.01168,0.03856
random init,400m,5,8853558,0.01044,0.03685
