scale,pretraining_steps,n_seeds,mean_auroc,sd_auroc,min_auroc,max_auroc,per_seed_auroc,mean_auprc,sd_auprc,per_seed_auprc
50m,0,1,0.88215,,0.88215,0.88215,0.88215,0.89581,,0.89581
50m,10000,3,0.91042,0.00790,0.90130,0.91518,0.90130 0.91518 0.91478,0.92064,0.00710,0.91244 0.92487 0.92460
50m,120000,3,0.93123,0.00031,0.93089,0.93146,0.93135 0.93089 0.93146,0.93940,0.00027,0.93947 0.93910 0.93962
50m,220000,3,0.93435,0.00056,0.93374,0.93483,0.93374 0.93483 0.93449,0.94203,0.00048,0.94154 0.94251 0.94206
50m,330000,3,0.93594,0.00048,0.93554,0.93647,0.93554 0.93647 0.93580,0.94343,0.00039,0.94315 0.94388 0.94327
50m,430000,3,0.93615,0.00026,0.93587,0.93636,0.93587 0.93636 0.93622,0.94365,0.00018,0.94344 0.94374 0.94376
50m,540423,5,0.93628,0.00044,0.93570,0.93685,0.93685 0.93618 0.93656 0.93570 0.93611,0.94378,0.00032,0.94410 0.94376 0.94402 0.94329 0.94374
100m,0,3,0.88863,0.00284,0.88539,0.89065,0.89065 0.88986 0.88539,0.90155,0.00252,0.90318 0.90283 0.89865
100m,10000,3,0.91934,0.00029,0.91911,0.91967,0.91926 0.91967 0.91911,0.92863,0.00022,0.92856 0.92888 0.92844
100m,120000,3,0.93943,0.00012,0.93930,0.93953,0.93930 0.93946 0.93953,0.94658,0.00013,0.94653 0.94648 0.94673
100m,220000,3,0.94174,0.00049,0.94130,0.94227,0.94227 0.94130 0.94165,0.94874,0.00050,0.94927 0.94828 0.94867
100m,330000,3,0.94261,0.00034,0.94230,0.94297,0.94297 0.94230 0.94256,0.94953,0.00028,0.94980 0.94923 0.94955
100m,430000,3,0.94300,0.00046,0.94255,0.94346,0.94299 0.94255 0.94346,0.94980,0.00044,0.94980 0.94936 0.95024
100m,540423,3,0.94293,0.00028,0.94261,0.94309,0.94309 0.94308 0.94261,0.94979,0.00027,0.94992 0.94997 0.94947
200m,0,3,0.89626,0.00042,0.89593,0.89673,0.89610 0.89673 0.89593,0.90822,0.00041,0.90807 0.90868 0.90791
200m,10000,3,0.92250,0.00015,0.92240,0.92267,0.92240 0.92267 0.92242,0.93158,0.00021,0.93150 0.93182 0.93142
200m,120000,3,0.94266,0.00009,0.94258,0.94276,0.94263 0.94276 0.94258,0.94950,0.00004,0.94952 0.94946 0.94953
200m,220000,3,0.94465,0.00009,0.94455,0.94473,0.94455 0.94468 0.94473,0.95139,0.00010,0.95130 0.95150 0.95136
200m,330000,3,0.94578,0.00021,0.94564,0.94602,0.94564 0.94569 0.94602,0.95235,0.00018,0.95238 0.95216 0.95251
200m,430000,3,0.94586,0.00011,0.94577,0.94598,0.94598 0.94584 0.94577,0.95234,0.00022,0.95260 0.95223 0.95220
200m,540423,3,0.94576,0.00011,0.94567,0.94588,0.94573 0.94588 0.94567,0.95231,0.00015,0.95236 0.95244 0.95214
400m,0,3,0.89810,0.00213,0.89564,0.89939,0.89927 0.89564 0.89939,0.90986,0.00197,0.91110 0.90758 0.91089
400m,10000,3,0.92262,0.00003,0.92260,0.92265,0.92260 0.92265 0.92260,0.93170,0.00006,0.93172 0.93174 0.93163
400m,120000,3,0.94144,0.00007,0.94136,0.94148,0.94148 0.94136 0.94148,0.94851,0.00004,0.94855 0.94849 0.94848
400m,220000,3,0.94352,0.00029,0.94321,0.94378,0.94378 0.94321 0.94357,0.95037,0.00027,0.95068 0.95018 0.95026
400m,330000,3,0.94440,0.00033,0.94403,0.94467,0.94403 0.94467 0.94449,0.95118,0.00024,0.95095 0.95143 0.95118
400m,430000,3,0.94451,0.00028,0.94429,0.94482,0.94429 0.94482 0.94442,0.95136,0.00018,0.95123 0.95157 0.95128
400m,540423,3,0.94489,0.00035,0.94465,0.94530,0.94530 0.94465 0.94473,0.95159,0.00034,0.95193 0.95124 0.95160
